{
  "project_info": {
    "project_number": "319537907502",
    "project_id": "proyecto1-896b4",
    "storage_bucket": "proyecto1-896b4.appspot.com"
  },
  "client": [
    {
      "client_info": {
        "mobilesdk_app_id": "1:319537907502:android:f69503d584c1caf2539cbf",
        "android_client_info": {
          "package_name": "com.example.dam_u4_proyecto1_19400526"
        }
      },
      "oauth_client": [
        {
          "client_id": "319537907502-46tcj2m8u16hiu8r48omqgspkjbs2cks.apps.googleusercontent.com",
          "client_type": 3
        }
      ],
      "api_key": [
        {
          "current_key": "AIzaSyB7eZC0jG7ywi2wWwVtgRO9c1hWD1t1TrY"
        }
      ],
      "services": {
        "appinvite_service": {
          "other_platform_oauth_client": [
            {
              "client_id": "319537907502-46tcj2m8u16hiu8r48omqgspkjbs2cks.apps.googleusercontent.com",
              "client_type": 3
            }
          ]
        }
      }
    }
  ],
  "configuration_version": "1"
}